team,shots,shots_on_target,goals,seasons_played,cluster,offensive_category
liverpool,0.4366093366093366,0.3631203931203931,0.21004914004914008,11,0,Muy Alta Capacidad Ofensiva
arsenal,0.3865847665847666,0.3351105651105651,0.19963144963144963,11,0,Muy Alta Capacidad Ofensiva
tottenham hotspur,0.416320987654321,0.3399259259259259,0.18995061728395063,11,0,Muy Alta Capacidad Ofensiva
chelsea,0.43235872235872236,0.34744471744471744,0.19845208845208845,11,0,Muy Alta Capacidad Ofensiva
manchester united,0.3800245098039216,0.33073529411764707,0.19872549019607844,11,0,Muy Alta Capacidad Ofensiva
manchester city,0.4611274509803922,0.3821323529411765,0.247328431372549,11,0,Muy Alta Capacidad Ofensiva
leeds united,0.3811538461538462,0.33807692307692305,0.18269230769230768,1,0,Muy Alta Capacidad Ofensiva
west bromwich albion,0.31400602409638556,0.22930722891566263,0.12033132530120483,9,1,Alta Capacidad Ofensiva
watford,0.30336842105263156,0.2266842105263158,0.12278947368421053,5,1,Alta Capacidad Ofensiva
swansea city,0.3070676691729324,0.2355639097744361,0.12661654135338346,7,1,Alta Capacidad Ofensiva
sunderland,0.3120676691729323,0.22736842105263158,0.11578947368421053,7,1,Alta Capacidad Ofensiva
stoke city,0.2960855263157895,0.20970394736842105,0.11799342105263157,8,1,Alta Capacidad Ofensiva
reading,0.2826315789473684,0.21105263157894735,0.12447368421052633,1,1,Alta Capacidad Ofensiva
norwich city,0.3101578947368421,0.2326842105263158,0.1076842105263158,5,1,Alta Capacidad Ofensiva
newcastle united,0.32417344173441737,0.2519241192411924,0.1283468834688347,10,1,Alta Capacidad Ofensiva
afc bournemouth,0.31074074074074076,0.2459259259259259,0.14037037037037037,5,1,Alta Capacidad Ofensiva
wolverhampton wanderers,0.3249444444444445,0.2422777777777778,0.12955555555555556,5,1,Alta Capacidad Ofensiva
crystal palace,0.30352739726027395,0.22952054794520546,0.12219178082191781,8,1,Alta Capacidad Ofensiva
aston villa,0.3127054794520548,0.23527397260273974,0.11613013698630138,8,1,Alta Capacidad Ofensiva
blackburn rovers,0.31342105263157893,0.22855263157894737,0.13605263157894737,2,1,Alta Capacidad Ofensiva
leicester city,0.3362109375,0.271875,0.1651953125,7,2,Baja Capacidad Ofensiva
wigan athletic,0.356140350877193,0.2749122807017544,0.1244736842105263,3,2,Baja Capacidad Ofensiva
fulham,0.3324770642201835,0.2639449541284404,0.12279816513761467,6,2,Baja Capacidad Ofensiva
everton,0.3501231527093596,0.2819458128078818,0.15374384236453204,11,2,Baja Capacidad Ofensiva
west ham united,0.32972826086956525,0.2543478260869565,0.1413858695652174,10,2,Baja Capacidad Ofensiva
queens park rangers,0.3653508771929824,0.24359649122807017,0.11096491228070175,3,2,Baja Capacidad Ofensiva
southampton,0.3490332326283988,0.2752567975830816,0.1406344410876133,9,2,Baja Capacidad Ofensiva
blackpool,0.3718421052631579,0.2663157894736842,0.15921052631578947,1,2,Baja Capacidad Ofensiva
bolton wanderers,0.3746052631578947,0.27592105263157896,0.14210526315789473,2,2,Baja Capacidad Ofensiva
birmingham city,0.27921052631578946,0.20105263157894737,0.10710526315789475,1,3,Muy Baja Capacidad Ofensiva
huddersfield town,0.26684210526315794,0.18789473684210525,0.07236842105263158,2,3,Muy Baja Capacidad Ofensiva
hull city,0.291140350877193,0.21280701754385964,0.1042982456140351,3,3,Muy Baja Capacidad Ofensiva
burnley,0.2685321100917431,0.20376146788990826,0.10646788990825688,6,3,Muy Baja Capacidad Ofensiva
cardiff city,0.2921052631578947,0.20565789473684212,0.09552631578947368,2,3,Muy Baja Capacidad Ofensiva
middlesbrough,0.24263157894736845,0.16421052631578947,0.0781578947368421,1,3,Muy Baja Capacidad Ofensiva
brighton and hove albion,0.29609929078014185,0.20957446808510638,0.10531914893617021,4,3,Muy Baja Capacidad Ofensiva
sheffield united,0.23606060606060605,0.18545454545454546,0.09166666666666666,2,3,Muy Baja Capacidad Ofensiva
