team,shots,shots_on_target,goals,seasons_played,cluster,offensive_category
southampton,115.53,91.11,46.550000000000004,9,0,Muy Alta Capacidad Ofensiva
west ham united,121.34,93.6,52.03,10,0,Muy Alta Capacidad Ofensiva
everton,142.15,114.47,62.42,11,0,Muy Alta Capacidad Ofensiva
west bromwich albion,104.25,76.13,39.95,9,0,Muy Alta Capacidad Ofensiva
newcastle united,119.62,92.96,47.36,10,0,Muy Alta Capacidad Ofensiva
middlesbrough,9.22,6.24,2.97,1,1,Alta Capacidad Ofensiva
leeds united,9.91,8.79,4.75,1,1,Alta Capacidad Ofensiva
hull city,33.19,24.259999999999998,11.89,3,1,Alta Capacidad Ofensiva
huddersfield town,20.28,14.28,5.5,2,1,Alta Capacidad Ofensiva
sheffield united,15.58,12.24,6.05,2,1,Alta Capacidad Ofensiva
cardiff city,22.2,15.63,7.26,2,1,Alta Capacidad Ofensiva
wigan athletic,40.6,31.34,14.19,3,1,Alta Capacidad Ofensiva
brighton and hove albion,41.75,29.55,14.85,4,1,Alta Capacidad Ofensiva
bolton wanderers,28.47,20.97,10.8,2,1,Alta Capacidad Ofensiva
blackpool,14.13,10.12,6.05,1,1,Alta Capacidad Ofensiva
blackburn rovers,23.82,17.37,10.34,2,1,Alta Capacidad Ofensiva
birmingham city,10.61,7.64,4.07,1,1,Alta Capacidad Ofensiva
reading,10.74,8.02,4.73,1,1,Alta Capacidad Ofensiva
queens park rangers,41.65,27.77,12.65,3,1,Alta Capacidad Ofensiva
manchester united,155.05,134.94,81.08,11,2,Baja Capacidad Ofensiva
liverpool,177.7,147.79,85.49000000000001,11,2,Baja Capacidad Ofensiva
chelsea,175.97,141.41,80.77,11,2,Baja Capacidad Ofensiva
arsenal,157.34,136.39,81.25,11,2,Baja Capacidad Ofensiva
manchester city,188.14000000000001,155.91,100.91,11,2,Baja Capacidad Ofensiva
tottenham hotspur,168.61,137.67,76.93,11,2,Baja Capacidad Ofensiva
swansea city,81.68,62.66,33.68,7,3,Muy Baja Capacidad Ofensiva
watford,57.64,43.07,23.330000000000002,5,3,Muy Baja Capacidad Ofensiva
sunderland,83.01,60.48,30.8,7,3,Muy Baja Capacidad Ofensiva
afc bournemouth,58.730000000000004,46.48,26.53,5,3,Muy Baja Capacidad Ofensiva
norwich city,58.93,44.21,20.46,5,3,Muy Baja Capacidad Ofensiva
leicester city,86.07,69.6,42.29,7,3,Muy Baja Capacidad Ofensiva
fulham,72.48,57.54,26.77,6,3,Muy Baja Capacidad Ofensiva
crystal palace,88.63,67.02,35.68,8,3,Muy Baja Capacidad Ofensiva
burnley,58.54,44.42,23.21,6,3,Muy Baja Capacidad Ofensiva
aston villa,91.31,68.7,33.910000000000004,8,3,Muy Baja Capacidad Ofensiva
stoke city,90.01,63.75,35.87,8,3,Muy Baja Capacidad Ofensiva
wolverhampton wanderers,58.49,43.61,23.32,5,3,Muy Baja Capacidad Ofensiva
