home_team,total_local_points,capacity
manchester city,504,55017
manchester united,440,74879
chelsea,435,40853
arsenal,431,60704
liverpool,428,60725
tottenham hotspur,415,62850
everton,361,39571
west ham united,271,62500
newcastle united,267,52338
stoke city,235,30089
southampton,232,32384
leicester city,212,32273
west bromwich albion,209,26850
swansea city,190,21088
crystal palace,174,26047
aston villa,164,42682
sunderland,153,48707
burnley,147,21994
fulham,139,25700
watford,130,21577
afc bournemouth,127,11329
wolverhampton wanderers,124,32050
norwich city,120,27244
brighton and hove albion,84,31800
hull city,73,25586
queens park rangers,63,18360
wigan athletic,63,25138
bolton wanderers,51,28723
blackburn rovers,47,31367
sheffield united,43,32702
cardiff city,40,33280
huddersfield town,32,24500
birmingham city,26,29409
reading,20,24161
blackpool,20,16220
middlesbrough,18,33746
leeds united,17,37890
