team,points
manchester city,504
manchester united,440
chelsea,435
arsenal,431
liverpool,428
tottenham hotspur,415
everton,361
west ham united,271
newcastle united,267
stoke city,235
southampton,232
leicester city,212
west bromwich albion,209
swansea city,190
crystal palace,174
aston villa,164
sunderland,153
burnley,147
fulham,139
watford,130
afc bournemouth,127
wolverhampton wanderers,124
norwich city,120
brighton and hove albion,84
hull city,73
queens park rangers,63
wigan athletic,63
bolton wanderers,51
blackburn rovers,47
sheffield united,43
cardiff city,40
huddersfield town,32
birmingham city,26
reading,20
blackpool,20
middlesbrough,18
leeds united,17
