home_team,total_local_points,capacity,games_played,cluster
manchester city,504,55017,205,2
manchester united,440,74879,203,2
chelsea,435,40853,203,2
arsenal,431,60704,203,2
liverpool,428,60725,204,2
tottenham hotspur,415,62850,203,2
everton,361,39571,203,2
west ham united,271,62500,184,2
newcastle united,267,52338,184,2
stoke city,235,30089,152,1
southampton,232,32384,165,1
leicester city,212,32273,127,1
west bromwich albion,209,26850,167,1
swansea city,190,21088,133,1
crystal palace,174,26047,146,1
aston villa,164,42682,145,1
sunderland,153,48707,133,1
burnley,147,21994,110,1
fulham,139,25700,109,1
watford,130,21577,95,1
afc bournemouth,127,11329,95,1
wolverhampton wanderers,124,32050,89,1
norwich city,120,27244,95,1
brighton and hove albion,84,31800,71,0
hull city,73,25586,57,0
queens park rangers,63,18360,57,0
wigan athletic,63,25138,57,0
bolton wanderers,51,28723,38,0
blackburn rovers,47,31367,38,0
sheffield united,43,32702,34,0
cardiff city,40,33280,38,0
huddersfield town,32,24500,38,0
birmingham city,26,29409,19,0
reading,20,24161,19,0
blackpool,20,16220,19,0
middlesbrough,18,33746,19,0
leeds united,17,37890,13,0
