home_team,avg_points,games_played,capacity,cluster
manchester city,2.46,205,55017,2
manchester united,2.17,203,74879,2
chelsea,2.14,203,40853,2
arsenal,2.12,203,60704,2
liverpool,2.1,204,60725,2
tottenham hotspur,2.04,203,62850,2
everton,1.78,203,39571,2
west ham united,1.47,184,62500,2
newcastle united,1.45,184,52338,2
leicester city,1.67,127,32273,1
stoke city,1.55,152,30089,1
swansea city,1.43,133,21088,1
southampton,1.41,165,32384,1
wolverhampton wanderers,1.39,89,32050,1
watford,1.37,95,21577,1
burnley,1.34,110,21994,1
afc bournemouth,1.34,95,11329,1
fulham,1.28,109,25700,1
norwich city,1.26,95,27244,1
west bromwich albion,1.25,167,26850,1
crystal palace,1.19,146,26047,1
sunderland,1.15,133,48707,1
aston villa,1.13,145,42682,1
birmingham city,1.37,19,29409,0
bolton wanderers,1.34,38,28723,0
leeds united,1.31,13,37890,0
hull city,1.28,57,25586,0
sheffield united,1.26,34,32702,0
blackburn rovers,1.24,38,31367,0
brighton and hove albion,1.18,71,31800,0
queens park rangers,1.11,57,18360,0
wigan athletic,1.11,57,25138,0
cardiff city,1.05,38,33280,0
reading,1.05,19,24161,0
blackpool,1.05,19,16220,0
middlesbrough,0.95,19,33746,0
huddersfield town,0.84,38,24500,0
