home_team,points_x,points_y
afc bournemouth,127,127
arsenal,431,431
aston villa,164,164
birmingham city,26,26
blackburn rovers,47,47
blackpool,20,20
bolton wanderers,51,51
brighton and hove albion,84,84
burnley,147,147
cardiff city,40,40
chelsea,435,435
crystal palace,174,174
everton,361,361
fulham,139,139
huddersfield town,32,32
hull city,73,73
leeds united,17,17
leicester city,212,212
liverpool,428,428
manchester city,504,504
manchester united,440,440
middlesbrough,18,18
newcastle united,267,267
norwich city,120,120
queens park rangers,63,63
reading,20,20
sheffield united,43,43
southampton,232,232
stoke city,235,235
sunderland,153,153
swansea city,190,190
tottenham hotspur,415,415
watford,130,130
west bromwich albion,209,209
west ham united,271,271
wigan athletic,63,63
wolverhampton wanderers,124,124
